ID,Path,Title,StoryURL,Author,AuthorURL,Series,SeriesURL,Category,Genre,Characters,Relationships,Language,LanguageID,Status,Published,Updated,Rating,Warnings,Chapters,Words,Publisher,Summary
28976333,/wattpad/1inubaka1/28976333_FireandIceElsaxAnna.epub,Fire and Ice (Elsa x Anna),https://www.wattpad.com/story/28976333,1inubaka1,https://www.wattpad.com/user/1inubaka1,,,Fanfiction,"anna, annaxelsa, elsa, elsanna, olaf",,,English,en,In-Progress,2014-12-23,2014-12-23,,,4,936,wattpad.com,"Elsa is one of the most popular girls in highschool who's dating the star quarter back, Olaf.  It's all good, until Elsa discovers her partner is cheating on her with some nerdy girl named Anna.  But..is Anna as terrible as Elsa thinks she is?"
141635251,/wattpad/5H4D0W8OY/141635251_ElsaOneshotsSeveralElsaships.epub,Elsa One-shots (Several Elsa ships),https://www.wattpad.com/story/141635251,5H4D0W8OY,https://www.wattpad.com/user/5H4D0W8OY,,,Short Story,"anna, disney, dreamworks, elsa, elsanna, fanfiction, frozen, hiccelsa, hiccup, httyd, jackfrost, jelsa, love, one, oneshot, oneshotcollection, rotg, ships, shot",,,English,en,In-Progress,2018-03-12,2019-12-29,,,8,11050,wattpad.com,"Hola mi amor! Since I'm a huge Frozen fan I have decided to write fanfics with Elsa in it. She's my favourite character in the movie and my OTP is Elsanna. I'm not opposed to any other ships though I like Jelsa and Hiccelsa as well. This book are all one-shots with several ships. *I do not own the cover nor any characters from the Disney Movie Frozen and in other movies. I do not own pictures used in the story, credit to its creators."
209869117,/wattpad/5H4D0W8OY/209869117_ElsannaLessIsMore.epub,Elsanna: Less Is More,https://www.wattpad.com/story/209869117,5H4D0W8OY,https://www.wattpad.com/user/5H4D0W8OY,,,Romance,"anna, arendelle, elsa, elsaansanna, elsanna, fanfiction, frozen, frozen2, frozenfanfiction, kristoff, lgbt, love, olaf, romance, ships, sven",,,English,en,In-Progress,2019-12-28,2020-02-28,,,6,10642,wattpad.com,"An Elsanna fanfic! The story's about Elsa escaping from the busy life in the city, and went to the countryside where she met Anna. A wholesome and sweet story. Disclaimer* I DON'T own the cover picture. If the original artist wants to take it down please tell me."
31070735,/wattpad/AFFWriter/31070735_AlwaysElsanna.epub,Always (Elsanna),https://www.wattpad.com/story/31070735,AFFWriter,https://www.wattpad.com/user/AFFWriter,,,Romance,"anna, elsa, elsanna, frozen, icest",,,English,en,In-Progress,2015-01-20,2018-11-24,,,6,3567,wattpad.com,Elsa and Anna go to the same High school and when they meet - sparks will fly as this was always meant to be.      Enjoy!
15119879,/wattpad/Anakain10/15119879_TheMilitaryLife.epub,The Military Life,https://www.wattpad.com/story/15119879,Anakain10,https://www.wattpad.com/user/Anakain10,,,Fanfiction,"anna, elsa, elsanna, frozen, icest, military",,,English,en,In-Progress,2014-04-19,2014-04-19,,,6,8134,wattpad.com,           
258765948,/wattpad/AnamofArendelle/258765948_MyFirstValentinesDayDatewithYou.epub,My First Valentine's Day Date with You,https://www.wattpad.com/story/258765948,Anam-of-Arendelle,https://www.wattpad.com/user/Anam-of-Arendelle,,,Fanfiction,"anna, dating, elsa, elsanna, elsaxanna, incest-story, incestuous, kiss, sister, valentines",,,English,en,Completed,2021-02-14,2021-02-14,,,1,1695,wattpad.com,"Anna wants to have a Valentine's Day date with her sister, but Elsa has another plan for her. What could it be? (Later submission for February 2018 Monthly Contest held by Elsanna-Shenanigans. Prompt: Music) [CW: Incest, Fluff, Public Display of Affection] Enjoy!"
258762480,/wattpad/AnamofArendelle/258762480_PrincessAnnaTheKnightofArendelle.epub,Princess Anna: The Knight of Arendelle,https://www.wattpad.com/story/258762480,Anam-of-Arendelle,https://www.wattpad.com/user/Anam-of-Arendelle,,,Fanfiction,"anna, elsa, elsanna, knight, sisters, snow",,,English,en,Completed,2021-02-14,2021-02-14,,,1,10020,wattpad.com,"The night at the great hall changed when Anna stepped in front of the Queen, facing the pointed sword, and growled, ""Over my dead body!"" (Day 6: Chivalry - Elsanna Week 2021) [CW: Snow sisters, Angst] Enjoy!"
18449011,/wattpad/Annaatemychocolate/18449011_ChangeComplete.epub,Change(Complete),https://www.wattpad.com/story/18449011,Annaatemychocolate,https://www.wattpad.com/user/Annaatemychocolate,,,Fanfiction,"elsanna, frozen",,,English,en,In-Progress,2014-06-27,2014-11-29,,,14,9933,wattpad.com,"Elsa is a normal girl until SEVEN words changes her life,plunging her into a life of weirdness,shocking discoveries and possibly love . Elsanna Fluff"
27493576,/wattpad/Annaatemychocolate/27493576_Phoenix.epub,Phoenix,https://www.wattpad.com/story/27493576,Annaatemychocolate,https://www.wattpad.com/user/Annaatemychocolate,,,Fanfiction,"elsanna, frozen",,,English,en,In-Progress,2014-11-29,2017-04-06,,,10,6922,wattpad.com,"Modern AU.Anna has always put up walls around herself to keep her terrible secret hidden.But when a pair of icy blue eyes look her way,Anna's walls threaten to come down.Elsanna"
22489192,/wattpad/author17/22489192_BoundlessLove.epub,Boundless Love,https://www.wattpad.com/story/22489192,author17,https://www.wattpad.com/user/author17,,,Romance,"anna, disney, elsa, elsanna, frozen",,,English,en,Completed,2014-08-30,2018-12-08,,,1,677,wattpad.com,"Elsanna. One-shot. Some strong sexual references. PG-13.  Two months after 'The Great Thaw' of Arendelle, Anna and Elsa have become closer than ever before.... But will feelings get the best of the Snow Queen?"
23402692,/wattpad/author17/23402692_DreamsofChange.epub,Dreams of Change,https://www.wattpad.com/story/23402692,author17,https://www.wattpad.com/user/author17,,,Fanfiction,"anna, disney, elsa, elsanna, frozen, love",,,English,en,Completed,2014-09-16,2014-09-16,,,1,533,wattpad.com,Elsanna.  Pg. original settings.         Anna didn't freeze when Han's deadly blade came crashing into her: what will Elsa do?
20739493,/wattpad/bosombuddies75/20739493_Iminlovewithmysister.epub,Im in love with my sister,https://www.wattpad.com/story/20739493,bosombuddies75,https://www.wattpad.com/user/bosombuddies75,,,Fanfiction,"elsanna, itsmeanttobe, love, sisters, truelove",,,English,en,In-Progress,2014-08-02,2014-08-02,,,1,396,wattpad.com,"elsa is living with her sister anna. anna grows feelings for elsa one night. later on anna goes into elsa's room, locks the door and.............................,..,,...,,, Rated R (has explicit content)"
24949777,/wattpad/CandiWolf/24949777_ArendelleHospitalModernElsanna.epub,Arendelle Hospital [Modern Elsanna],https://www.wattpad.com/story/24949777,Candi-Wolf,https://www.wattpad.com/user/Candi-Wolf,,,Fanfiction,"anna, elsa, elsanna, frozen, kristoff, olaf, sven",,,English,en,In-Progress,2014-10-15,2014-11-10,,,2,4836,wattpad.com,"Dr. Anna Summers has a very big reputation around Arendelle Hospital, though everything changes when Anna meets the newest Chief of Surgery, Elsa Arendelle. The two become closer than ever imaginable, but Elsa harbors a rather large secret from Anna that could destroy their relationship and Arendelle Hospital in the process. Will Anna risk everything to help Elsa keep her job?"
217524053,/wattpad/Chemphy/217524053_LongOverdue.epub,Long Overdue,https://www.wattpad.com/story/217524053,Chemphy,https://www.wattpad.com/user/Chemphy,,,Fanfiction,"anna, elsa, elsanna, fanfiction, frozen, lgbt, sisterslove",,,English,en,Completed,2020-03-21,2020-03-21,,,1,4945,wattpad.com,A one-shot about Anna falling for the new librarian in her Academy: Elsa. WARNING: ELSANNA
13126534,/wattpad/Chromica/13126534_Contrast.epub,Contrast,https://www.wattpad.com/story/13126534,Chromica,https://www.wattpad.com/user/Chromica,,,Fanfiction,"disney, elsanna, frozen",,,English,en,Completed,2014-02-27,2014-02-27,,,1,672,wattpad.com,Anna knew that Elsa had changed a lot since coronation day...but she loved her even more because of it. One-shot.
332133074,/wattpad/Darkwolfknoght_1894/332133074_AlluringSecretBlackVowElsannaVersion.epub,Alluring Secret Black Vow (Elsanna Version),https://www.wattpad.com/story/332133074,Darkwolfknoght_1894,https://www.wattpad.com/user/Darkwolfknoght_1894,,,Romance,"anna, elsa, elsanna, frost, frozen, jack, kristoff",,,English,en,In-Progress,2023-01-17,2023-01-17,,,1,877,wattpad.com,"story about Anna, a Young Angel who falls in love with a Young Human Woman named Elsa. However, their love is considered taboo because of their gender and race, and so, Anna makes a deal with the devil to be reborn as the Human Man, Andrew, in order to be with Elsa. But their happiness together is short-lived, and soon ends in tragedy."
36783819,/wattpad/Disney_Fanficz/36783819_TheFrozenFireElsanna.epub,The Frozen Fire - Elsanna,https://www.wattpad.com/story/36783819,Disney_Fanficz,https://www.wattpad.com/user/Disney_Fanficz,,,Fanfiction,"anna, elsa, elsanna, fire, frozen, ice, powers",,,English,en,In-Progress,2015-04-07,2015-04-07,,,3,957,wattpad.com,"When Elsa yells at Anna, and Anna is all alone, she discovers something she never realized she had. Once Elsa comes to apologize, Anna has to decide to never see Elsa again, or stay and hurt her. ‚Ä¢‚Ä¢‚Ä¢‚Ä¢‚Ä¢ Warning: Elsanna"
157583885,/wattpad/donovandelaney100/157583885_DarkElsa.epub,Dark Elsa.,https://www.wattpad.com/story/157583885,donovandelaney100,https://www.wattpad.com/user/donovandelaney100,,,Action,"anna, arendelle, cryokinesis, darkelsa, elsa, elsanna, hydrokinesis",,,English,en,In-Progress,2018-08-04,2021-10-19,,,1,408,wattpad.com,This story is based mostly on one of the original versions of Frozen. Anna is a princess and Elsa is a queen. Elsa is the queen of Arendelle. Anna meets Kristoff. Kristoff lives in Arendelle. Anna meets Elsa.
148062460,/wattpad/donovandelaney100/148062460_Elsanna.epub,Elsanna.,https://www.wattpad.com/story/148062460,donovandelaney100,https://www.wattpad.com/user/donovandelaney100,,,Romance,"artwork, elsanna",,,English,en,In-Progress,2018-05-11,2021-11-10,,,4,744,wattpad.com,These are Elsanna one shots with artwork.
149054149,/wattpad/donovandelaney100/149054149_ElsannaTitanic.epub,Elsanna: Titanic.,https://www.wattpad.com/story/149054149,donovandelaney100,https://www.wattpad.com/user/donovandelaney100,,,Adventure,"elsanna, titanic",,,English,en,In-Progress,2018-05-21,2021-09-26,,,1,136,wattpad.com,Princess Elsa and her parents are sailing on Titanic. Elsa meets Anna.
157577019,/wattpad/donovandelaney100/157577019_TheAddams.epub,The Addams.,https://www.wattpad.com/story/157577019,donovandelaney100,https://www.wattpad.com/user/donovandelaney100,,,Action,"anna, arendelle, cryokinesis, darkelsa, elsa, elsanna, hydrokinesis",,,English,en,In-Progress,2018-08-04,2021-01-14,,,2,598,wattpad.com,Wednesday and Morticia are best friends. Elsa and Anna are laying on the beach.
148083590,/wattpad/donovandelaney100/148083590_Theicequeen.epub,The ice queen.,https://www.wattpad.com/story/148083590,donovandelaney100,https://www.wattpad.com/user/donovandelaney100,,,Action,"dark, elsa, elsanna, war",,,English,en,In-Progress,2018-05-12,2021-01-14,,,2,491,wattpad.com,Some soldiers get on their horse's and go up to queen Elsa's mountain. Hello there boys! What are you doing on my mountain? We're here to talk to you. About what? It's about Anna. What about her? Anna is looking for you! There's more. It's about king Staffen. What's he doing? He's building an army. Well any that a coincidence? An ice monster any shows up. Elsa dropped the soldiers. Never underestimate the power of ice and snow! You may leave. Yes Elsa. Elsa turns good again.
156658954,/wattpad/donovandelaney100/156658954_XMenFrozen.epub,X-Men: Frozen.,https://www.wattpad.com/story/156658954,donovandelaney100,https://www.wattpad.com/user/donovandelaney100,,,Adventure,"anna, cryokinesis, elsa, elsanna, hydrokinesis",,,English,en,In-Progress,2018-07-27,2018-07-30,,,2,720,wattpad.com,Elsa and Anna are mutants. Xavier has heard about the Arendelle's daughter and her Cryokinetic and Hydrokinetic powers. Xavier makes Elsa a student at his school. Elsa becomes queen and Elsa and Anna become more then girlfriends.
16669992,/wattpad/Dust_And_Shadows/16669992_AnIcyHeart.epub,An Icy Heart,https://www.wattpad.com/story/16669992,Dust_And_Shadows,https://www.wattpad.com/user/Dust_And_Shadows,,,Fanfiction,"anna, elsa, elsanna, fanfic, frozen, girlxgirl",,,English,en,In-Progress,2014-05-21,2014-07-24,,,3,3073,wattpad.com,"Elsa is a orphan who jumps from foster home to foster home, and her parents died in a mysterious fatal accident when she was three. She always seems to get in trouble, even though she always tries to be good. It's not her fault that things happen to her....well, not intentionally anyway. Elsa is depressed and it's getting worse because of Alexia, a bully at her new school.  One day a girl named Anna is transferred to Elsa's homeroom. Since then, Elsa's been tormenting herself with thoughts of Anna.   Anna's family is anything but perfect. Her dad left them when she was five years old, right after Kristoff was born. Anna has a lot of pressure from her mom for her to do good in school to earn a scholarship. Her relationship with her boyfriend, Hans, is screwed up too. Hans always cheats on her, but she keeps letting him come back. As a well-known freshman in high school, the pressure never ends.  Can Anna and Elsa help each other survive freshman year and (maybe) help solve each other's problems? Or will Anna keep coming back to Hans and Elsa fall further into depression?      Disclaimer: All characters are not my own, they are owned by Disney and/or Dreamworks unless specified. Other characters not owned by Disney are my own, so no stealing please!    ***If you do not like reading about depressed and/or lesbian/gay/bi/etc people, you most likely won't want to read my story. Please don't comment mean/rude things, depressed people and gays have feelings just like you (sorry to be rude, but duh). Please don't be ignorant of that***"
36821298,/wattpad/eekitsashley/36821298_ElsannaALoveStory.epub,Elsanna: A Love Story,https://www.wattpad.com/story/36821298,eekitsashley,https://www.wattpad.com/user/eekitsashley,,,Fanfiction,"anna, elsa, elsanna, frozen, romance",,,English,en,Completed,2015-04-08,2017-08-21,,,16,6799,wattpad.com,"Meet Anna, a kind tender-hearted girl with a love for chocolate. Meet Elsa, a shy girl with a secret. Join the two girls in this sweet story of love and friendship."
33869324,/wattpad/elsacest_elsanna/33869324_R9kAlone.epub,R9k Alone,https://www.wattpad.com/story/33869324,elsacest_elsanna,https://www.wattpad.com/user/elsacest_elsanna,,,Random,"elsa, elsacest, elsanna, frozen, r9k",,,English,en,In-Progress,2015-02-28,2015-03-21,,,2,844,wattpad.com,"As you've know R9k has been kicked out of her house by her father.this story will be about the trouble,conflict or fear R9k has to face. Such as so meaning feels afterwards.trying to survive in the world without her sister,R9k still tries to recover from being thrown out of her own house.finding a job where she could stay.......but this is only the beginning..."
94545812,/wattpad/elsannafanficwriter/94545812_Wronglove.epub,Wrong love,https://www.wattpad.com/story/94545812,elsannafanficwriter,https://www.wattpad.com/user/elsannafanficwriter,,,Fanfiction,"abusiverelationship, elsanna, jackunzel, mericcup",,,English,en,In-Progress,2016-12-28,2016-12-29,,,2,3520,wattpad.com,"Story one Elsa and Anna have always been the best of sisters, they would do everything together. Overtime Elsa and Anna have grown feelings for each other. How will the others react to their love?  Story two Rapunzel and Flynn haven't been working out very well and he starts to beat her. How will her friends react to her being beaten by her lover.  Story three Merida and Hiccup have no problems. Well not yet. What will happen when a past lover enters his life again.  P.S ALSO THIS INVOLVES SISTER AND SISTER SMUT so don't read if you don't like that."
32744743,/wattpad/Elsannaisluv/32744743_ElsannaBuildingourLove.epub,Elsanna: Building our Love,https://www.wattpad.com/story/32744743,Elsannaisluv,https://www.wattpad.com/user/Elsannaisluv,,,Romance,"anna, architecture, business, elsa, elsanna, fanfiction, love, truelove",,,English,en,In-Progress,2015-02-13,2015-02-14,,,1,542,wattpad.com,"Elsa is a very hard working, smart, and rich architect who owns Arendelle's largest architectural business, and never lets herself be happy. Until her new office assistant changes her forever.... She tries to deny it, but can you deny true love?"
39383219,/wattpad/Elsannaisluv/39383219_ThinIce.epub,Thin Ice,https://www.wattpad.com/story/39383219,Elsannaisluv,https://www.wattpad.com/user/Elsannaisluv,,,Fanfiction,"elsanna, elsaxanna, fanfiction, frozen, icest",,,English,en,In-Progress,2015-05-09,2015-05-11,,,1,1922,wattpad.com,"Anna meets a beautiful girl at a party, Elsa. But when Elsa leaves for college in Brazil, she doesn't realize how busy it was there and her anxiety took over. When Elsa gets back, Anna can't help but realized she's a little thin. Too thin."
25281535,/wattpad/ElsannaIsTheBest/25281535_WarmSmiles.epub,Warm Smiles,https://www.wattpad.com/story/25281535,ElsannaIsTheBest,https://www.wattpad.com/user/ElsannaIsTheBest,,,Fanfiction,"anna, elsa, elsanna, frozen, frozenfanfic, frozenfanfiction, lover, warm",,,English,en,In-Progress,2014-10-22,2014-10-22,,,1,575,wattpad.com,           
40033565,/wattpad/elsannarpp/40033565_Annasgreatadventure.epub,Anna's great adventure,https://www.wattpad.com/story/40033565,elsannarpp,https://www.wattpad.com/user/elsannarpp,,,Fanfiction,"elsanna, lesbian, love, romance, threesome",,,English,en,In-Progress,2015-05-17,2015-09-29,,,2,629,wattpad.com,"Anna's sitting in her room when Elsa comes in with her friend, what happens next Anna will never forget"
39699473,/wattpad/elsannarpp/39699473_FrozenHearts.epub,Frozen Hearts,https://www.wattpad.com/story/39699473,elsannarpp,https://www.wattpad.com/user/elsannarpp,,,Random,"elsanna, elsannafanfic, fanfiction, lovestory, romance",,,English,en,In-Progress,2015-05-13,2015-05-13,,,1,383,wattpad.com,"Elsa meets a wonderful girl, and soon their love for eachother grows. But soon after their first kiss something tragic which will not only bring Elsa to stop seeing Anna, but also do something which she'll never forgive herself for..."
215796651,/wattpad/Elsannatatto/215796651_queridaelsaelsanna.epub,qu—îr√≠dŒ± —îlsŒ± (ùîàùî©ùî∞ùîûùî´ùî´ùîû),https://www.wattpad.com/story/215796651,Elsannatatto,https://www.wattpad.com/user/Elsannatatto,,,Fanfiction,"amor, anna, elsa, elsanna, fanfic",,,English,en,In-Progress,2020-03-03,2020-03-03,,,1,196,wattpad.com,"·¥Ö·¥ás·¥ò·¥ú·¥ás ·¥Ö·¥á ·¥ú…¥ s·¥ú·¥Ñ·¥ás·¥è «´·¥ú·¥á ·¥Ö·¥á·¥ä·¥è ·¥á…¥ ·¥Ñ·¥è·¥ç·¥Ä ·¥Ä ·¥á üs·¥Ä  , ·¥Ä…¥…¥·¥Ä  ü·¥á ·¥ás·¥Ñ Ä…™ ô·¥á ·¥õ·¥è·¥Ö·¥ès  ü·¥ès ·¥Ö…™·¥Äs ·¥Ñ·¥è…¥  ü·¥Ä s·¥ò·¥á Ä·¥Ä…¥·¥¢·¥Ä «´·¥ú·¥á ·¥Ä ü…¢·¥ú…¥ ·¥Ö…™·¥Ä ·¥Ö·¥ás·¥ò…™·¥á Ä·¥õ·¥á"
220490717,/wattpad/elsannauna/220490717_AnnaElsaandQueenIdunaandthebedroomsurprise.epub,"Anna, Elsa, and Queen Iduna and the bed room surprise",https://www.wattpad.com/story/220490717,elsannauna,https://www.wattpad.com/user/elsannauna,,,Short Story,"anna, disney, elsa, elsanna, fanfic, fanfiction, frozen, futa, futanari, iduna, queeniduna, romance, shortstory",,,English,en,In-Progress,2020-04-12,2020-04-16,,,1,893,wattpad.com,"summery: Elsa, Anna and Queen Idunas camping trip gets interrupted by some sexy magic. Read to find out what's happens and stay tuned for part 2."
19717207,/wattpad/elsannavelover/19717207_Asnowfakeinspring.epub,A snowfake in spring,https://www.wattpad.com/story/19717207,elsannavelover,https://www.wattpad.com/user/elsannavelover,,,Fanfiction,"anna, asis, disney, elsa, elsanna, elsaxanna, frozen, love",,,English,en,In-Progress,2014-07-20,2014-07-20,,,2,6427,wattpad.com,"After her brother Hans is institutionalized, Anna makes it her mission to visit him whenever she can. The sooner he comes home, the sooner everything will go back to normal. She wasn't expecting to meet the asylum's resident 'Ice Queen,' who refuses to speak or acknowledge anyone... except Anna. /Cover art by one lorelei-lilyprincess over on Tumblr/  this fanfiction belongs to celerystick....it's not mine...."
207344782,/wattpad/elsayie/207344782_AirplaneSeatmateelsanna.epub,Airplane Seatmate ‚Ä¢ elsanna‚úîÔ∏è,https://www.wattpad.com/story/207344782,elsayie,https://www.wattpad.com/user/elsayie,,,Fanfiction,"anna, disney, disneyfrozen, elsa, elsanna, fluff, frozen, frozen2, gxg, lesbian, modern",,,English,en,Completed,2019-11-30,2019-11-30,,,1,1709,wattpad.com,"[oneshoot, modern au] When they meet, is it fate or coincidence?"
150393400,/wattpad/Elsa_Lee_Winters/150393400_Howthegrinchstolevalentinesday.epub,How the grinch stole valentines day,https://www.wattpad.com/story/150393400,Elsa_Lee_Winters,https://www.wattpad.com/user/Elsa_Lee_Winters,,,Fanfiction,"elsanna, pride",,,English,en,In-Progress,2018-06-02,2021-06-03,,,7,1192,wattpad.com,"#WATTPRIDE Elsanna Modern day Elsa sits behind Anna in American lit class, Elsa Was forced (lost a bet to some freinds) and had to Ask Anna on a date for valentines day."
46044149,/wattpad/ElsieFrozen/46044149_AGoldenFriendship.epub,A Golden Friendship,https://www.wattpad.com/story/46044149,ElsieFrozen,https://www.wattpad.com/user/ElsieFrozen,,,Fanfiction,"anna, elsa, elsanna, fanfic, friends, friendship, frost, frozen, happiness, heart, home, jack, laugh, life, live, lonely, love, popular, romance, sadness",,,English,en,Completed,2015-07-30,2016-01-02,,,37,24569,wattpad.com,"Not everything that shine is golden , but this friendship is golden. Why? Because of all sacrifices , all that love and every detail in it. Elsa and Anna are Best Friends , since they are 12 , Elsa did something that made her special in Anna's heart because she forgot all her sadness Do you want to know more ? What did Elsa do ? and Why Anna was sad ? and more.. ?  You just have to read this short story, comment, vote and recommend it for your friends .. Thank you .. Love you :*"
12990409,/wattpad/FluffySnowy/12990409_HowCanThisBeSomethingMore.epub,How Can This Be Something More?,https://www.wattpad.com/story/12990409,FluffySnowy,https://www.wattpad.com/user/FluffySnowy,,,Fanfiction,"anna, elsa, elsanna, frozen, romance, yuri",,,English,en,In-Progress,2014-02-24,2014-02-24,,,1,738,wattpad.com,"Anna didn't understand. Elsa was her sister. So why did the love she felt seem like something more? Shouldn't her heart be fluttering only when Kristoff smiled at her, or hugged her, or held her hand?"
15112311,/wattpad/FocusFactor/15112311_FrecklesandtheFrost.epub,Freckles and the Frost,https://www.wattpad.com/story/15112311,FocusFactor,https://www.wattpad.com/user/FocusFactor,,,Romance,"elsanna, frozen, frozenfanfiction",,,English,en,In-Progress,2014-04-19,2014-04-19,,,1,298,wattpad.com,           
207276872,/wattpad/FrozenIceQueene/207276872_ILoveYouAnElsannavsElsaMarenFanfiction.epub,I Love You (An Elsanna vs ElsaMaren Fanfiction),https://www.wattpad.com/story/207276872,FrozenIceQueene,https://www.wattpad.com/user/FrozenIceQueene,,,Romance,"anna, elsa, elsaandanna, elsamaren, elsanna, fanfiction, frozen, frozen2, frozenfanfiction, honeymaren, kristanna, kristoff, lgbt, love, olaf",,,English,en,In-Progress,2019-11-29,2020-07-12,,,8,3661,wattpad.com,"It's been a three years after the great thaw in Arendelle and Elsa and Anna have gotten closer than ever as sisters and maybe as more.      Elsa hears this voice, as if something is calling her from an unknown place. She travels with Anna and eventually meets up with a girl, who's been the voice calling her and the girls get separated. Oh Kristoff and Olaf are there too.           Will this stand in the way of Elsanna?                    ""I promise Anna, I love you,""  }{‚Ä¢-‚Ä¢-‚Ä¢-‚Ä¢-}-{-‚Ä¢-‚Ä¢-‚Ä¢-‚Ä¢-}-{-‚Ä¢-‚Ä¢-‚Ä¢-‚Ä¢-}-{-‚Ä¢-‚Ä¢-‚Ä¢-‚Ä¢}{"
29133843,/wattpad/frozenlovernpewdsfan/29133843_AshortElsanna.epub,A short Elsanna,https://www.wattpad.com/story/29133843,frozenlovernpewdsfan,https://www.wattpad.com/user/frozenlovernpewdsfan,,,Fanfiction,"elsanna, elsaxanna, fanfcition, frozen",,,English,en,In-Progress,2014-12-25,2015-03-17,,,7,4623,wattpad.com,"Ok so this is my first elsanna so im not really trying to make it long, i thought of making it a short one hit wonder. If it becomes that, then ill try to make a beter one. I havent planned the storyline yet so im making it up as i go coz' that's how I roll"
32782390,/wattpad/frozenlovernpewdsfan/32782390_ElsannaTheButler.epub,Elsanna (The Butler),https://www.wattpad.com/story/32782390,frozenlovernpewdsfan,https://www.wattpad.com/user/frozenlovernpewdsfan,,,Fanfiction,"butler, elsanna, elsaxanna, frozen",,,English,en,In-Progress,2015-02-14,2015-03-17,,,4,4022,wattpad.com,This is a second fanfiction that I'm working on. Credits goes to Frostnice for letting me colaborate with him on finishing this story. he was a good sport to give me permission to work on his story.
22541676,/wattpad/frozenpapers/22541676_Alive.epub,Alive,https://www.wattpad.com/story/22541676,frozenpapers,https://www.wattpad.com/user/frozenpapers,,,Fanfiction,"anna, death, depression, elsa, elsanna, frozen, hans, sad, suicide",,,English,en,In-Progress,2014-08-31,2015-07-18,,,7,7973,wattpad.com,"[Elsa and Anna sisterly love; multi-chapter; Modern AU] Be brave, Elsa. You have to. Promise me that. Please."
37809330,/wattpad/FrozenTeamSwiftie/37809330_Wishyouwere.epub,Wish you were,https://www.wattpad.com/story/37809330,FrozenTeamSwiftie,https://www.wattpad.com/user/FrozenTeamSwiftie,,,Fanfiction,elsanna,,,English,en,Completed,2015-04-20,2016-07-24,,,1,399,wattpad.com,An Elsanna One-shot. Hope you enjoy :)
46883752,/wattpad/hiccelsaxhijack/46883752_Myopinionsofdifferentships.epub,My opinions of different ships,https://www.wattpad.com/story/46883752,hiccelsaxhijack,https://www.wattpad.com/user/hiccelsaxhijack,,,Random,"disney, dreamworks, elsanna, eugunzel, felsa, hansandanna, helsa, hiccanna, hiccelsa, hiccstrid, hiccunzel, hidashi, hijack, jackandastrid, jackunzel, janna, jelsa, jerida, kristanna, mericcup",,,English,en,In-Progress,2015-08-09,2015-09-04,,,43,1824,wattpad.com,I give my opinions on Different ships
177970598,/wattpad/HinariOkisawa/177970598_ClassClownElPayasodelaclase.epub,Class Clown (El Payaso de la clase),https://www.wattpad.com/story/177970598,HinariOkisawa,https://www.wattpad.com/user/HinariOkisawa,,,Fanfiction,"angst, anna, drama, elsa, elsanna, escolar, fanfic, frozen, frozenfanfic, lesbians, lgbt, romance",,,English,en,In-Progress,2019-02-07,2022-12-04,,,4,14155,wattpad.com,"Su sue√±o de ense√±arle a j√≥venes universitarios estaba iniciando, pero ense√±arle a aquella chica problema dos veces por semana empezaba a ser demasiado para ella, para su coraz√≥n. Quiere ayudarla, aunque ella misma aun no solucione sus propios problemas. ¬øAlguna de las dos podr√° ser salvada? [Elsanna]"
37883279,/wattpad/ice_colded_heart/37883279_WereSisters.epub,"""We're Sisters..""",https://www.wattpad.com/story/37883279,ice_colded_heart,https://www.wattpad.com/user/ice_colded_heart,,,Random,"disney, elsanna, lesbian, love",,,English,en,In-Progress,2015-04-21,2015-04-22,,,4,2592,wattpad.com,"By:@rp.and.ships Anna and ELSA the most beautiful couple ever! Their ship was named Elsanna, a beautiful name, and I will tell you a love story about how much you can dream in order to do stuff That's crazily impossible! Like dating and making out with your Sister."
39019607,/wattpad/InZanity_R/39019607_FrozenElsannaAlluringSecretBlackVow.epub,[Frozen - Elsanna] Alluring Secret ~Black Vow~,https://www.wattpad.com/story/39019607,InZanity_R,https://www.wattpad.com/user/InZanity_R,,,Fanfiction,"anna, elsa, elsanna, fanficfriday, fanfiction, frozen, lesbian, non-incest, slash, wattys2015",,,English,en,Completed,2015-05-04,2017-08-22,,,3,10022,wattpad.com,"Elsanna Fic: ""Who knows? Love is not the same for an angel. Maybe that seraph had to make a deal with the devil just to be an imperfect being and love a human who ensnared her once cold heart."" Warning: Angst... and Drama"
210602449,/wattpad/Iris_x_OTP/210602449_Elsannaweek2019.epub,Elsanna week 2019,https://www.wattpad.com/story/210602449,Iris_x_OTP,https://www.wattpad.com/user/Iris_x_OTP,,,Fanfiction,"anna, elsa, elsanna, frozen, frozen2",,,English,en,In-Progress,2020-01-04,2020-01-08,,,2,6306,wattpad.com,ƒê√¢y l√† n∆°i m·ªã ƒëƒÉng h√†ng qu·∫©y Elsanna week 2019 vacungvimikhongbietmiduhet7ngayduockhongnenmidangriengchodobidropgiuachung Hi v·ªçng m·ªçi ng∆∞·ªùi s·∫Ω c√πng m√¨nh h√≠t h√† OTP vui v·∫ª u w u) Day 1: I will follow Day 2: All is found Day 3: Family game night Day 4: My guiding star Day 5: Enchanted Day 6: Holding on tight Day 7: Stronger together
211932115,/wattpad/Iris_x_OTP/211932115_ElsannaIrreplaceableKh√¥ngth·ªÉthayth·∫ø.epub,[Elsanna] Irreplaceable - Kh√¥ng th·ªÉ thay th·∫ø,https://www.wattpad.com/story/211932115,Iris_x_OTP,https://www.wattpad.com/user/Iris_x_OTP,,,Fanfiction,"anna, elsa, elsanna, frozen, frozen2, frozne, girllove, shoujoai, yuri",,,English,en,In-Progress,2020-01-19,2020-01-22,,,2,4820,wattpad.com,"Gi·ªõi thi·ªáu: C√¥ng ch√∫a Anna th·∫≠t ƒë√£ qua ƒë·ªùi b·ªüi ph√©p thu·∫≠t c·ªßa Elsa trong m·ªôt tai n·∫°n h·ªìi b√©. ƒê·ª©c vua v√† ho√†ng h·∫≠u v·ªôi v√†ng t√¨m ki·∫øm m·ªôt ng∆∞·ªùi thay th·∫ø cho ng∆∞·ªùi con g√°i x·∫•u s·ªë c·ªßa m√¨nh. B·ªüi v√¨ ch√≠nh h·ªç hi·ªÉu r·∫±ng, n·∫øu nh∆∞ kh√¥ng c√≥ 'Anna'. h·ªç ch·∫Øc ch·∫Øn s·∫Ω ƒë√°nh m·∫•t Elsa. Su·ªët nƒÉm nƒÉm li·ªÅn kh√¥ng ng·ª´ng ngh·ªâ, kh√¥ng ng·ª´ng n√≥i v·ªõi ch·ªã r·∫±ng c√¥ ƒëang ·ªü c√πng v·ªõi th·∫°ch y√™u ƒë·ªÉ h·ªìi ph·ª•c, cu·ªëi c√πng h·ªç c≈©ng t√¨m ƒë∆∞·ª£c ng∆∞·ªùi th·∫ø th√¢n ho√†n h·∫£o. Tuy nhi√™n li·ªáu m·ªçi th·ª© c√≥ th·ª±c s·ª± di·ªÖn ra nh∆∞ c√°ch m√† h·ªç mong mu·ªën? Li·ªáu 'Anna' v√† Elsa c√≥ th·ªÉ t√¨m ƒë∆∞·ª£c c√°i k·∫øt h·∫°nh ph√∫c m√£i m√£i v·ªÅ sau cho m√¨nh?"
12613591,/wattpad/JackHusk/12613591_IsolatedElsannaOneShot.epub,Isolated (Elsanna One-Shot),https://www.wattpad.com/story/12613591,JackHusk,https://www.wattpad.com/user/JackHusk,,,Romance,"anna, elsa, elsanna, forbidden, frozen, girlxgirl, gxg, one, shot",,,English,en,Completed,2014-02-15,2014-02-15,,,1,4114,wattpad.com,"Maybe this time, she'd drown in her own tears."
89209919,/wattpad/jaderbug5907/89209919_Sisters.epub,Sisters...,https://www.wattpad.com/story/89209919,jaderbug5907,https://www.wattpad.com/user/jaderbug5907,,,Fanfiction,"anna, elsa, elsanna, fanfiction, frozen, lesbian",,,English,en,In-Progress,2016-11-05,2016-11-16,,,2,321,wattpad.com,Elsa and Anna both love each other as sisters but it may be a little more than just sisters
246193015,/wattpad/JungleKiing/246193015_SummersEndTeaser.epub,Summer's End Teaser,https://www.wattpad.com/story/246193015,JungleKiing,https://www.wattpad.com/user/JungleKiing,,,Fantasy,"alternate, elsanna, fantasy",,,English,en,Completed,2020-10-31,2020-10-31,,,1,5212,wattpad.com,"They hadn't been seen in years. History dictated a brutal war. The victors never won. The books hold lies. They are not gone, merely slumbering and hiding. Unveil the beast for who they are, or die trying and set the course to fix the past. Bring back the order, or let world burn.  Teaser. Fantasy/spirit-beast AU. Elsanna."
203658036,/wattpad/jxsleator/203658036_AnnaPan.epub,AnnaPan,https://www.wattpad.com/story/203658036,jxsleator,https://www.wattpad.com/user/jxsleator,,,Fanfiction,"elsanna, fluff, frozen, frozenfanfiction, princessanna, queenelsa, shortstory",,,English,en,Completed,2019-10-19,2019-10-19,,,1,1600,wattpad.com,"Modern AU/ Unrelated/Oneshot; Anna owns a very small bakery in a building that Hans' family owns , but is being threatened to be shut down due to an increase in rent/because Hans is a dick. Elsa is a CEO that frequents the bakery and refuses to let this happen. [prompt by Pankite]"
203475629,/wattpad/jxsleator/203475629_SEEKAndFind.epub,SEEK And Find,https://www.wattpad.com/story/203475629,jxsleator,https://www.wattpad.com/user/jxsleator,,,Fanfiction,"elsanna, esmeralda, femslash, frozen, frozenfanfiction, lesbian, lesbianromance, modernau, modernworld, pop-star, popstar, princessanna, queenelsa, yuri",,,English,en,Completed,2019-10-17,2019-10-17,,,38,82452,wattpad.com,"Anna Mayberry finally gets the chance to see her favourite pop singers, the internationally-acclaimed SEEK, in person! Especially her idol, Elsa - whom she worships beyond platonically. However, attempting to get an autograph after the show leads to a shift in Anna's life that she could not have predicted, even in her Wildest Dreams. [ElsannaFervor fic; non-icest Elsanna, modern AU]"
204104887,/wattpad/jxsleator/204104887_YuletideTraditions.epub,Yuletide Traditions,https://www.wattpad.com/story/204104887,jxsleator,https://www.wattpad.com/user/jxsleator,,,Fanfiction,"christmas, elsanna, fluff, fluffiness, frozen, frozenfanfiction, holiday, holidayromance, yule",,,English,en,Completed,2019-10-24,2019-10-24,,,1,6723,wattpad.com,"Glad that the doors are open this year, Elsa and Anna ring in the start of Yule together with an all-night vigil. Spending that much time together - and a little too much gl√∂gg - leads them to become closer than ever. [Elsanna, SFW and highly fluffy, Oneshot cowritten with Dragonxborne; K for drunken bits]"
17295851,/wattpad/LightmoonLove/17295851_TheWar.epub,The War,https://www.wattpad.com/story/17295851,LightmoonLove,https://www.wattpad.com/user/LightmoonLove,,,Fanfiction,"adventure, afterfrozen, elsanna, fantasy, frozen, magic, riseoftheguardians",,,English,en,In-Progress,2014-06-03,2016-02-14,,,5,2587,wattpad.com,"This is my edition of what happened after FROZEN!!! Elsa and Anna are in the castle when their cousins come to visit. You would think its only a visit, that it was no biggy. Only that visit could change everything! Could Elsa and Anna help to get their cousins' kingdom back on their feet?? Or will they be forever trapped in this big mess??"
96264810,/wattpad/lilT101/96264810_Mixedfeelings.epub,Mixed feelings,https://www.wattpad.com/story/96264810,lilT101,https://www.wattpad.com/user/lilT101,,,Fanfiction,"elsanna, eupunzel, jelsa, mericcup",,,English,en,In-Progress,2017-01-13,2017-01-15,,,1,450,wattpad.com,"Elsa is an confused and nerdy teenager. She is abandoned and abused by her brother and parents. Elsa is going through a time where she's not sure if she likes girls or boys. Which makes it worse since she has crush on her sister, Anna. But she also likes a popular bad boy at school Jack Frost. And the young girl is still learning to control her ice powers. She will overcome obstacles like abuse, ex girlfriends,and high school. Will she have sibling love or will she fall into the arms of a bad boy?"
14864711,/wattpad/LinaThePalrus/14864711_AnnaDoYouWanttoBuildaSnowmanFrozenFanFic.epub,"Anna, Do You Want to Build a Snowman? - Frozen FanFic",https://www.wattpad.com/story/14864711,LinaThePalrus,https://www.wattpad.com/user/LinaThePalrus,,,Fanfiction,"anna, anxiety, dress, elsa, elsanna, exciting, frozen, hans, happy, ice, magic, party, powers, prince, princess, sad, snow, weird",,,English,en,In-Progress,2014-04-14,2015-04-11,,,6,6378,wattpad.com,           
22566208,/wattpad/LoveThaws/22566208_MyFrozenHeartElsanna.epub,My Frozen Heart? (Elsanna),https://www.wattpad.com/story/22566208,LoveThaws,https://www.wattpad.com/user/LoveThaws,,,Romance,"annayouokay, elsanna, sisterlyincest, whyishipelsanna, wishyouwereelsa",,,English,en,In-Progress,2014-08-31,2024-01-29,,,10,17790,wattpad.com,"Frozen as you know it is no longer . It was all a dream and not just anyone's dream . It was Elsa's dream. But not all of it was a dream, Her parents death , hurting Anna, building snowmen . When Elsa hit her sister in the heart for the first time ( yes I'm changeing the story completely so if this bothers your ,I'm sorry) causing a chill to come over Anna.  A chill that is slowing killing her . Their parents separated them for years as they searched for a cure to save Anna . But now with their parents death , leaving them only each other , they must find a cure or Anna will freeze solid . Will they make it time ?( p.s. There will be incest in this eventually starting in the 3rd/4th chapter ) BTW I don't  own Frozen or any of its characters. I give full credit to Disney to for giving us such an awesome couple without knowing it ;)"
48655610,/wattpad/mathspook777/48655610_HerTenderKisses.epub,Her Tender Kisses,https://www.wattpad.com/story/48655610,mathspook777,https://www.wattpad.com/user/mathspook777,,,Fanfiction,"anna, elsa, elsanna, feels, frozen, lesbian, lgbt, streamofconsciousness, wattys2015",,,English,en,Completed,2015-08-31,2015-08-31,,,1,4258,wattpad.com,"Elsa is desperately in love with Anna, but Anna has rejected her. As thoughts swirl inside her head, Elsa decides on a terrifying way out. (Elsanna, post-canon, stream of consciousness)"
217375032,/wattpad/mercuryjive/217375032_HoldingonTight.epub,Holding on Tight,https://www.wattpad.com/story/217375032,mercuryjive,https://www.wattpad.com/user/mercuryjive,,,Fanfiction,"anna, elsa, elsanna, frozen, frozenfanfiction",,,English,en,In-Progress,2020-03-20,2020-03-21,,,1,1268,wattpad.com,"My first ever fanfic, a collection of stories of Elsa and Anna's life. Eventually will meet up with each of the storylines. Elsanna. eventual smut????"
66801964,/wattpad/MoneyMooves/66801964_ElsannaHowAnnaThawedElsasFrozenHeart.epub,Elsanna: How Anna Thawed Elsa's Frozen Heart,https://www.wattpad.com/story/66801964,MoneyMooves,https://www.wattpad.com/user/MoneyMooves,,,Random,"anna, annoff, boyxboy, capture, elsa, elsagonebad, elsanna, fanfiction, frozen, girlxgirl, hans, jackfrost, jacob4pres, jelsa, kristanna, kristoff, murder, olaf, ratchet, trump",,,English,en,In-Progress,2016-03-24,2022-01-21,,,15,7738,wattpad.com,"At first it was just a sisterly love, but soon it became so much more. Experience the emotion of Elsanna. (Gone sexual) (gone wrong) (gone violent) (gone right)."
26841897,/wattpad/monsters_treatyoself/26841897_AGrandStand.epub,A Grand Stand,https://www.wattpad.com/story/26841897,monsters_treatyoself,https://www.wattpad.com/user/monsters_treatyoself,,,Romance,"elasxanna, elsanna, frozen, modernau, non-incest",,,English,en,In-Progress,2014-11-18,2014-11-18,,,1,997,wattpad.com,           
148079324,/wattpad/naruto_reader_245/148079324_Jack.epub,Jack,https://www.wattpad.com/story/148079324,naruto_reader_245,https://www.wattpad.com/user/naruto_reader_245,,,Fanfiction,elsanna,,,English,en,In-Progress,2018-05-12,2018-07-04,,,1,1868,wattpad.com,Elsanna story
266230600,/wattpad/NoahRhino/266230600_Cyclic.epub,Cyclic,https://www.wattpad.com/story/266230600,NoahRhino,https://www.wattpad.com/user/NoahRhino,,,Short Story,"angst, anna, drabble, elsa, elsanna, frozen",,,English,en,Completed,2021-04-15,2021-04-15,,,1,478,wattpad.com,It was the same old story again and again. And every time I felt equally guilty and happy. We parted ways. And got together again. And kissed and messed up. And...
15754845,/wattpad/piccolodian/15754845_ARainyNightofMiraclesElsanna.epub,A Rainy Night of Miracles (Elsanna),https://www.wattpad.com/story/15754845,piccolodian,https://www.wattpad.com/user/piccolodian,,,Fanfiction,"anna, elsa, elsanna, femslash, frozen, lesbian",,,English,en,Completed,2014-05-01,2014-05-01,,,1,1110,wattpad.com,           
18534780,/wattpad/piccolodian/18534780_ARainyNightofRealizationElsanna.epub,A Rainy Night of Realization (Elsanna),https://www.wattpad.com/story/18534780,piccolodian,https://www.wattpad.com/user/piccolodian,,,Fanfiction,"elsanna, frozen, frozenfanfiction, lesbian",,,English,en,In-Progress,2014-06-29,2017-08-05,,,11,25988,wattpad.com,"Elsa is worried that her ""act of true love"" may raise some questions as to what sort of love she really feels for her sister. Anna, on the other hand, is still trying to figure out what being in love is actually like. Elsanna. Prequel to A Rainy Night of Miracles"
196912748,/wattpad/priscilasenpai/196912748_Minuevaprofesora.epub,Mi nueva profesora,https://www.wattpad.com/story/196912748,priscila-senpai,https://www.wattpad.com/user/priscila-senpai,,,Romance,"au, disney, elsanna, escolar, frozen, gay, icest, non-incest, non-related",,,English,en,In-Progress,2019-08-10,2019-08-18,,,3,8204,wattpad.com,"Anna Summers tiene una nueva profesora de literatura por la cual esta loca, aunque ella sea fatal para la literatura en su secundaria, es una amante empedernida de la literatura rom√°ntica y quiz√° sea esto lo que logre que Elsa Arendelle se fije en ella. Rated M por futuros temas, Elsanna non-related."
43095193,/wattpad/ramshaloveelsa/43095193_elsannafanfiction.epub,elsanna (fanfiction),https://www.wattpad.com/story/43095193,ramshaloveelsa,https://www.wattpad.com/user/ramshaloveelsa,,,Fanfiction,"anna, elsa, elsanna, fanfiction, frozen",,,English,en,In-Progress,2015-06-25,2015-06-25,,,2,224,wattpad.com,i ship elsanna i think they're perfect for eachother and i ship (jelsa)  also these are my elsa ships Hope you enjoy my story and add to your library and vote!
26364571,/wattpad/RoRabbit/26364571_LetThemInDontLetThemSeeElsanna.epub,"Let Them In, Don't Let Them See (Elsanna)",https://www.wattpad.com/story/26364571,RoRabbit,https://www.wattpad.com/user/RoRabbit,,,Fanfiction,"disneycrossover, disneymodernday, dramatic, elsanna, elsannafandom, elsannaship, elsaofarendelle, frozenfanfic, frozenfanfiction, olafthesnowman",,,English,en,In-Progress,2014-11-11,2021-11-28,,,13,20638,wattpad.com,"After the loss of their mother and simultaneous disappearance of their father, Olaf and Elsa are orphaned siblings, doing everything they can to keep each other alive (...and sane). With the assistance of their older cousin, Kristoff, they are able to maintain a somewhat peaceful and calm lifestyle. However, upon registering for classes for the upcoming semester, Kristoff and Elsa face a new problem: no one can pick up Olaf from school. Elsa and Kristoff then reluctantly decide to find a babysitter for their adorable, favorite, summer loving 5th grader.  After ages of interviewing nightmare babysitters, Kristoff and Elsa come to discover a young, spunky, senior high schooler named Anna, who appears more than enthusiastic to do the job while Olaf immediately approves of Anna taking the position. However, Elsa can't help but feel that there's something familiar about the red head. In this story, you can look forward to heart warming moments of friendship, drama, emotional roller coasters, mixed feelings, possibly tears and of course, Elsanna."
261501552,/wattpad/runawaygladiator/261501552_wishwehadmoretime.epub,wish we had more time,https://www.wattpad.com/story/261501552,runawaygladiator,https://www.wattpad.com/user/runawaygladiator,,,Random,"anna, elsa, elsaandanna, elsanna, frozenfanfiction, oneshotcollection",,,English,en,In-Progress,2021-03-08,2021-03-08,,,6,5904,wattpad.com,"a collection of elsanna one shots, i do not own frozen."
24727777,/wattpad/Sapphire_Darkhouse/24727777_TheWarriorandtheHuntressFrozenfanfic.epub,The Warrior and the Huntress [Frozen fanfic],https://www.wattpad.com/story/24727777,Sapphire_Darkhouse,https://www.wattpad.com/user/Sapphire_Darkhouse,,,Fanfiction,"anna, childhoodlovers, elsa, elsanna, frozenfanfiction, gay, gxg, jackfrost, lesbian, medival, war",,,English,en,In-Progress,2014-10-11,2019-03-14,,,8,10735,wattpad.com,"One stayed at the court of Arandell. One sent away at the woods outside it's walls. Both meet after years but not before they make their childhood the best part of their lives. Now torn by the crown, nobility, and their own hearts--Anna and Elsa will have to settle on a decision that will make or break their hearts and lives.  Art by: lorelei-lilyprincess.deviantart.com Edit by: Me"
64456551,/wattpad/sebivomeis/64456551_FrozenWorthaThousandWords.epub,Frozen: Worth a Thousand Words,https://www.wattpad.com/story/64456551,sebivomeis,https://www.wattpad.com/user/sebivomeis,,,Romance,"elsanna, fanfiction, frozen, justwriteit, loveletters, romance, tragedy",,,English,en,Completed,2016-02-29,2016-03-07,,,1,10074,wattpad.com,"""Do you know the saying: ""A picture is worth a thousand words""? But what if these words were burnt into your heart, branded into your mind? Such words are different. No picture can ever replace them, neither one, nor ten or even a thousand. [...] Our story has begun with such words..."" Follow Anna's love-life from its roots till the tragic end in this collection of love letters. Completed!"
300423044,/wattpad/SeptiplixPhan/300423044_TheLostArendellian.epub,The Lost Arendellian,https://www.wattpad.com/story/300423044,SeptiplixPhan,https://www.wattpad.com/user/SeptiplixPhan,,,Fanfiction,"elsanna, frozen, frozenfanfiction",,,English,en,In-Progress,2022-02-03,2023-10-21,,,15,19783,wattpad.com,"Anna and Elsa are back together, but what happens when a secret kept from both sisters threaten to break them apart again? Elsa stumbles across her mothers old diaries and finds a secret about Anna. Anna is going through a rough breakup with Kristoff after he admits that he dislikes Arendelle so much and keeps herself locked in her room. Elsa goes to speak and the bombshell is dropped and the two sisters grow apart. Or do they? While this is set in Arendelle between films, the clothes that the characters wear are a lot more modern than what they wear in the films. Its kind of an AU."
152846278,/wattpad/Sexytrophywife121/152846278_LoversforeverElsanna.epub,Lovers forever (Elsanna),https://www.wattpad.com/story/152846278,Sexytrophywife121,https://www.wattpad.com/user/Sexytrophywife121,,,Fanfiction,"anna, elsa, elsanna",,,English,en,In-Progress,2018-06-24,2018-08-01,,,5,317,wattpad.com,"Anna falls in love with her sister , Hans leaves for war and Kristoff leaves for his ice business"
108873606,/wattpad/SiaTales/108873606_MoreThenSisters.epub,More Then Sisters,https://www.wattpad.com/story/108873606,SiaTales,https://www.wattpad.com/user/SiaTales,,,Fanfiction,"elsanna, elsaxanna, frozen, inscest, lesbian",,,English,en,In-Progress,2017-05-10,2017-05-13,,,1,150,wattpad.com,Anna Point Of View Of Story  Read the story to find out
11682450,/wattpad/smithyEmm/11682450_Hime.epub,"Hi, me?",https://www.wattpad.com/story/11682450,smithyEmm,https://www.wattpad.com/user/smithyEmm,,,Romance,elsanna,,,English,en,In-Progress,2014-01-18,2014-01-20,,,3,2863,wattpad.com,"Fresh out of college girl Anna needs to check everything off her list, but what happens at a strip club when she suddenly becomes incredibly attracted to a mysterious woman? This definitely wasn't on the list..."
233882070,/wattpad/StanleyZgrodek/233882070_TheSourceofManaT.epub,The Source of Mana (T),https://www.wattpad.com/story/233882070,StanleyZgrodek,https://www.wattpad.com/user/StanleyZgrodek,,,Fanfiction,"anna, elsa, elsanna, frozen, suspense",,,English,en,Completed,2020-07-21,2020-08-02,,,20,17484,wattpad.com,"This version of The Source of Mana is rated for teens and up. COMPLETE! Elsa is in love with Anna. How does she deal with her feelings? She tries to conceal them, but when a few mysterious strangers show up for a party, that is no longer an option. How far is Elsa willing to go to hide her lust. How far is Anna willing to go to save her sister from sacrificing herself?  Elsanna fanfiction. It's also a Magic The Gathering cross over, but that's not too important."
179880944,/wattpad/Stayno_knightsintodr/179880944_SisterSeasons.epub,Sister Seasons,https://www.wattpad.com/story/179880944,Stayno_knightsintodr,https://www.wattpad.com/user/Stayno_knightsintodr,,,Fanfiction,"anna, elsa, elsanna, frozen, lesbian, lgbt, sister, yuri",,,English,en,In-Progress,2019-02-26,2019-02-26,,,1,3699,wattpad.com,"series of short stories about Anna and Elsa's relationship throughout the four seasons of the year, after they leave the castle and go to live together on their own"
15249062,/wattpad/StudioOccur/15249062_JustADance.epub,Just A Dance,https://www.wattpad.com/story/15249062,StudioOccur,https://www.wattpad.com/user/StudioOccur,,,Fanfiction,"anna, elsa, elsanna, fanfiction",,,English,en,In-Progress,2014-04-21,2014-04-21,,,1,4025,wattpad.com,"Anna Arren just wants to dance, is that so much to ask for? Non incest. Elsanna. Modern AU."
33671367,/wattpad/thebumpinthenight/33671367_LoveLustandTorture.epub,Love Lust and Torture,https://www.wattpad.com/story/33671367,thebumpinthenight,https://www.wattpad.com/user/thebumpinthenight,,,Fanfiction,"amazing, anna, elsa, elsanna, fanfic, frozen, kinky, love, ships",,,English,en,In-Progress,2015-02-25,2016-05-28,,,4,650,wattpad.com,warning: major sexual content
23271548,/wattpad/TheDisneyAddict/23271548_WeHaveEachOtherElsannafanfic.epub,We Have Each Other (Elsanna fanfic),https://www.wattpad.com/story/23271548,TheDisneyAddict,https://www.wattpad.com/user/TheDisneyAddict,,,Fanfiction,"anna, disney, elsa, elsanna, frozen, kristoff, sister, tumblr",,,English,en,In-Progress,2014-09-13,2017-08-17,,,6,3376,wattpad.com,"Anna and Kristoff split up and Anna is sad and misses him. Elsa calms her and helps her get over it. Anna then realises that she doesn't need a man to be happy, as long as she's got Elsa."
27194444,/wattpad/TheDisneyFanfics/27194444_SecretsAnElsannaFanfiction.epub,Secrets... (An Elsanna Fanfiction),https://www.wattpad.com/story/27194444,TheDisneyFanfics,https://www.wattpad.com/user/TheDisneyFanfics,,,Fanfiction,"anna, cold, disney, elsa, elsanna, frozen, high, love, school",,,English,en,In-Progress,2014-11-24,2014-11-24,,,1,678,wattpad.com,"‚Ä¢‚Ä¢‚Ä¢‚Ä¢‚Ä¢ High School Fanfic ‚Ä¢‚Ä¢‚Ä¢‚Ä¢‚Ä¢ Elsa, 17, a new girl at FairTail High, has a secret... No one can know... Anna, 16, sees Elsa... And instantly wants to meet her, being the perky girl she is. ‚Ä¢‚Ä¢‚Ä¢‚Ä¢‚Ä¢ Elsanna ‚Ä¢‚Ä¢‚Ä¢‚Ä¢‚Ä¢ PG-13 ‚Ä¢‚Ä¢‚Ä¢‚Ä¢‚Ä¢"
60789574,/wattpad/thegirlwhofroze/60789574_TheIceQueen.epub,The Ice Queen,https://www.wattpad.com/story/60789574,thegirlwhofroze,https://www.wattpad.com/user/thegirlwhofroze,,,Fanfiction,"elsanna, frozen, hanna, kristanna, snowsisters",,,English,en,In-Progress,2016-01-23,2016-01-23,,,2,1238,wattpad.com,Ever wondered what Frozen would have been like if the deleted songs and scenes had been included? This is what this story will be.  (Sadly Disney owns Frozen not me)
93618418,/wattpad/Theofficialpixels/93618418_TooYoung.epub,Too Young,https://www.wattpad.com/story/93618418,Theofficialpixels,https://www.wattpad.com/user/Theofficialpixels,,,Fanfiction,"anna, elsa, elsanna, elsannafic, frozen, frozenau, frozenfanfiction, √¢u",,,English,en,In-Progress,2016-12-20,2017-02-09,,,1,1374,wattpad.com,Elsa's having a little trouble with a particular student of hers. Anna seems to really enjoy pushing the buttons on that blue cardigan. AU Elsanna
316136212,/wattpad/theonlyqueenelsa/316136212_Forbiddenlovesequel.epub,Forbidden love sequel,https://www.wattpad.com/story/316136212,theonlyqueenelsa,https://www.wattpad.com/user/theonlyqueenelsa,,,Random,"anna, elsa, elsanna, frozen",,,English,en,In-Progress,2022-07-12,2024-05-12,,,1,573,wattpad.com,Book 2
216307742,/wattpad/theonlyqueenelsa/216307742_ForbittenLove.epub,Forbitten Love,https://www.wattpad.com/story/216307742,theonlyqueenelsa,https://www.wattpad.com/user/theonlyqueenelsa,,,Random,"anna, elsa, elsanna, frozen",,,English,en,In-Progress,2020-03-09,2023-05-26,,,15,12137,wattpad.com,No
282661558,/wattpad/theonlyqueenelsa/282661558_TheHatedQueen.epub,The Hated Queen,https://www.wattpad.com/story/282661558,theonlyqueenelsa,https://www.wattpad.com/user/theonlyqueenelsa,,,Random,"anna, elsa, elsanna, frozen",,,English,en,In-Progress,2021-08-24,2023-02-22,,,3,1777,wattpad.com,Didn't know what to name this book
31496718,/wattpad/True_Snow_Queen/31496718_WitheringSnowflakes.epub,Withering Snowflakes,https://www.wattpad.com/story/31496718,True_Snow_Queen,https://www.wattpad.com/user/True_Snow_Queen,,,Romance,"anna, belle, elsa, elsanna, fanfic, frozen, kristoff, merida, rapunzel, tiana",,,English,en,In-Progress,2015-01-26,2015-02-28,,,2,853,wattpad.com,"Just one mistake can send you to the darkest depths of depression, Elsa Arendelle fell straight into it. A simple kiss from your lover sparks fireworks, Elsa Arendelle felt pain. She had fell head over heels for her cute red headed sister Anna, a forbidden love Elsa couldn't make go away. After 3 years of isolation from the sister who plagued her every thought, Elsa finally came back into her sisters arms.  But it didn't last long until Elsa made that one mistake, and her heart fell straight into the face of the earth, shattering Elsa's whole world to pieces. {All characters belong to Disney, Cover edited by me}"
248371985,/wattpad/Verydin/248371985_AnnaandElsaandKristofftheWingman.epub,Anna and Elsa and Kristoff the Wingman,https://www.wattpad.com/story/248371985,Verydin,https://www.wattpad.com/user/Verydin,,,Romance,"anna, elsa, elsanna, fanfic, frozen, kristoff, romance, trollfic",,,English,en,Completed,2020-11-19,2023-09-25,,,6,2312,wattpad.com,A very original Elsa x Anna!! The sisters begin to have not sister feelings ü§¢ I mean üòèüòç. Staring Elsa + Anna and feturing Kristof!!!
22094773,/wattpad/warriorkatpw/22094773_NotsomuchofaQueen.epub,Not so much of a Queen,https://www.wattpad.com/story/22094773,warriorkatpw,https://www.wattpad.com/user/warriorkatpw,,,Romance,"anna, elsa, elsanna, jelsa, pg13",,,English,en,In-Progress,2014-08-23,2014-11-30,,,1,566,wattpad.com,Elsa doesnt know shes a queen.Elsas best friend is Anna. But they dont know that there sisters. Nobody knows they have magic powers or that what jack and anna are far more than just friends...
13820438,/wattpad/Yayuijun/13820438_Doyouwanttobuildasnowman.epub,Do you want to build a snowman?,https://www.wattpad.com/story/13820438,Yayuijun,https://www.wattpad.com/user/Yayuijun,,,Fanfiction,"anna, arendelle, disney, elsa, elsanna, frozen, nightmare, princess",,,English,en,Completed,2014-03-18,2015-12-27,,,1,524,wattpad.com,Elsa's nightmare . warning (violent/bloody) [One-shot Elsanna fanfic : requested ]
17240903,/wattpad/_x_elsanna_feels_x_/17240903_SavortheFlavorElsanna.epub,Savor the Flavor {Elsanna},https://www.wattpad.com/story/17240903,_x_elsanna_feels_x_,https://www.wattpad.com/user/_x_elsanna_feels_x_,,,Fanfiction,elsanna,,,English,en,In-Progress,2014-06-02,2014-06-02,,,1,587,wattpad.com,           
